{"cameraMode":{"drawMode":0,"name":"Shaded","section":"Shading Mode"},"sceneLighting":false,"audioPlay":false,"sceneViewState":{"m_AlwaysRefresh":false,"showFog":true,"showSkybox":true,"showFlares":true,"showImageEffects":true,"showParticleSystems":true,"showVisualEffectGraphs":true,"m_FxEnabled":true},"in2DMode":false,"pivot":{"x":94.76429748535156,"y":0.6218270063400269,"z":11.379263877868653},"rotation":{"x":-0.002531926380470395,"y":0.9932311773300171,"z":-0.11403309553861618,"w":-0.022052593529224397},"size":2.8190300464630129,"orthographic":false}