{"cameraMode":{"drawMode":0,"name":"Shaded","section":"Shading Mode"},"sceneLighting":false,"audioPlay":false,"sceneViewState":{"m_AlwaysRefresh":false,"showFog":true,"showSkybox":false,"showFlares":true,"showImageEffects":true,"showParticleSystems":true,"showVisualEffectGraphs":true,"m_FxEnabled":true},"in2DMode":false,"pivot":{"x":-5.895622253417969,"y":-2.6864233016967775,"z":2.116624116897583},"rotation":{"x":0.12001945078372956,"y":0.005410483106970787,"z":-0.0006042802124284208,"w":0.9927813410758972},"size":3.0205612182617189,"orthographic":false}